Название,Описание,Дата публикации,URL,Имя файла
Структурные продукты на российском рынке: новый вид инвестиций и диверсификации портфеля,Структурные продукты: Настолько ли страшны как кажутся?,05.06.2025,https://school.moex.com/articles/strukturnye-produkty-na-rossijskom-rynke-novyj-vid-investicij-i-diversifikacii-portfelya,Структурные продукты на российском рынке новый вид_strukturnye-produkty-na-rossijskom-rynke-novyj-vid-investicij-i-diversifikacii-portfelya.html
Как хеджировать риски: эффективные методы для российских инвесторов,В данной статье расскажем о методах снижения риска при инвестировании,21.04.2025,https://school.moex.com/articles/kak-hedzhirovat-riski-effektivnye-metody-dlya-rossijskih-investorov,Как хеджировать риски эффективные методы для росси_kak-hedzhirovat-riski-effektivnye-metody-dlya-rossijskih-investorov.html
Самые удачные вложения 2024,В этой статье рассмотрим лидеров доходности рынка за 2024 год,04.03.2025,https://school.moex.com/articles/samye-udachnye-vlozheniya-2024,Самые удачные вложения 2024_samye-udachnye-vlozheniya-2024.html
Новогоднее ралли на фондовом рынке России,"Поможем понять, почему в конце года акции могут расти, какие факторы на это влияют и как использовать сезонные тенденции с умом, избегая излишнего оптимизма.",28.02.2025,https://school.moex.com/articles/novogodnee-ralli-na-fondovom-rynke-rossii,Новогоднее ралли на фондовом рынке России_novogodnee-ralli-na-fondovom-rynke-rossii.html
Ошибки при инвестировании на акциях,"Расскажем, какие случаются ошибки инвестирования, и как можно избежать их.",26.12.2024,https://school.moex.com/articles/oshibki-pri-investirovanii-na-akciyah,Ошибки при инвестировании на акциях_oshibki-pri-investirovanii-na-akciyah.html
Инвестиционные фонды: начни зарабатывать на ПИФах,"ПИФы подходят как для начинающих инвесторов, так и для опытных. Они позволяют диверсифицировать риски и снизить порог входа в сложные финансовые инструменты.",06.12.2024,https://school.moex.com/articles/investicionnye-fondy-nachni-zarabatyvat-na-pifah,Инвестиционные фонды начни зарабатывать на ПИФах_investicionnye-fondy-nachni-zarabatyvat-na-pifah.html
"Как инвестировать в золото: золотые монеты, слитки, биржевые активы","Спрос на драгоценные металлы стабильно растет, поскольку они помогают снизить риски и защитить капитал, особенно в условиях экономической нестабильности.",06.11.2024,https://school.moex.com/articles/kak-investirovat-v-zoloto-zolotye-monety-slitki-birzhevye-aktivy,Как инвестировать в золото золотые монеты слитки б_kak-investirovat-v-zoloto-zolotye-monety-slitki-birzhevye-aktivy.html
Что такое блокчейн. История криптовалюты,"Криптовалюта — один из видов цифровой, виртуальной валюты. Ее эмиссия основана на различных криптографических методах, а ее функционирование основано на технологии «блокчейн».",04.04.2024,https://school.moex.com/articles/chto-takoe-blokchein,Что такое блокчейн История криптовалюты_chto-takoe-blokchein.html
Рассказываем просто о сложном проценте,"Сложный процент — это важный инструмент, который при грамотном подходе будет работать на инвестора, увеличивая его благосостояние и финансовый результат.",28.03.2024,https://school.moex.com/articles/rasskazyvaem-prosto-o-slozhnom-procente,Рассказываем просто о сложном проценте_rasskazyvaem-prosto-o-slozhnom-procente.html
Что такое фьючерсы и как они устроены,"Фьючерсные контракты – уникальный инструмент, который позволяет торговать акциями, валютами, индексами и даже ценой недвижимости в Москве. Как устроены фьючерсы и какие возможности они дают инвесторам?",21.03.2024,https://school.moex.com/articles/chto-takoe-fyuchersy-i-kak-oni-ustroeny,Что такое фьючерсы и как они устроены_chto-takoe-fyuchersy-i-kak-oni-ustroeny.html
"Опционы – сложно, рискованно, но очень эффективно","Если у вас уже есть опыт торговли акциями, облигациями и фьючерсами, риск-аппетит и готовность разбираться, опционы могут дать вам множество возможностей.",06.03.2024,https://school.moex.com/articles/opciony-slozhno-riskovanno-no-ohen-effektivno,Опционы  сложно рискованно но очень эффективно_opciony-slozhno-riskovanno-no-ohen-effektivno.html
Как проходят торги на Московской бирже,"Торговля на Московской бирже идет в разных секциях, как на обычном рынке или в магазине. Основные секции — фондовый, срочный, валютный и товарный рынок со своими правилами торгов. Поговорим об общих правилах торговли на бирже.",27.02.2024,https://school.moex.com/articles/kak-prohodyt-torgi-na-moskovskoj-birzhe,Как проходят торги на Московской бирже_kak-prohodyt-torgi-na-moskovskoj-birzhe.html
Как получать на бирже около 10% годовых,"Такая стратегия простая и консервативная, поэтому она подойдет тем, кто ищет альтернативу банковскому вкладу с минимальными рисками.",19.02.2024,https://school.moex.com/articles/kak-poluchat-na-birzhe-okolo-10-godovyh-pochti-bez1-riska,Как получать на бирже около 10 годовых_kak-poluchat-na-birzhe-okolo-10-godovyh-pochti-bez1-riska.html
"Брокерский счет | Что это, как его открыть | Школа Московской биржи","Брокерский счет — это специальный счет для торговли ценными бумагами и валютой на бирже. Он открывается у брокера — профессионального участника рынка ценных бумаг. Физические лица не могут торговать на фондовом рынке напрямую (ФЗ № 39 «О рынке ценных бумаг»), им необходим посредник — юридическое лицо с лицензией брокерской компании.",20.11.2023,https://school.moex.com/articles/brokerskiy-schet,Брокерский счет  Что это как его открыть  Школа Мо_brokerskiy-schet.html
"Как ИП и самозанятые платят налоги, торгуя на Московской бирже?","Чаще всего брокер сам списывает налог на доход с инвестиций, когда вы выводите со счета деньги либо по итогам календарного года. Но в некоторых случаях брокер не может этого сделать, поэтому вам придется рассчитать и уплатить налог самостоятельно, подав декларацию 3-НДФЛ.",21.09.2023,https://school.moex.com/articles/kak-ip-i-samozanyatye-platyat-nalogi-torguya-na-moskovskoj-birzhe,Как ИП и самозанятые платят налоги торгуя на Моско_kak-ip-i-samozanyatye-platyat-nalogi-torguya-na-moskovskoj-birzhe.html
Дивиденды в 2023: как на них заработать,"Как получать дивиденды по акциям публичных компаний, разберём особенности дивидендного инвестирования и назовём 5 компаний, объявивших о дивидендах этой осенью.",13.09.2023,https://school.moex.com/articles/dividendy-v-2023-kak-na-nih-zarabotat,Дивиденды в 2023 как на них заработать_dividendy-v-2023-kak-na-nih-zarabotat.html
Как и какого брокера выбрать для торговли на Московской бирже в 2023 году?,Хочу торговать на бирже. Какого брокера выбрать? Чем они отличаются?,02.06.2023,https://school.moex.com/articles/kak-i-kakogo-brokera-vybrat-2023,Как и какого брокера выбрать для торговли на Моско_kak-i-kakogo-brokera-vybrat-2023.html
Определение срока и приоритета инвестиций,"Успешным инвестициям предшествует целеполагание – важно хотя бы приблизительно понимать, на что и к какому сроку мы хотим накопить, чтобы подобрать правильные инструменты.",17.05.2023,https://school.moex.com/articles/opredelenie-sroka-i-prioriteta-investicij,Определение срока и приоритета инвестиций_opredelenie-sroka-i-prioriteta-investicij.html
Как работают мошенники: что такое схема Понци и почему люди несут туда деньги,"Товары дорожают, а реальные доходы населения снижаются, потому что цены растут быстрее, чем зарплаты.",05.05.2023,https://school.moex.com/articles/kak-rabotayut-moshenniki-chto-takoe-skhema-ponci-i-pochemu-lyudi-nesut-tuda-dengi,Как работают мошенники что такое схема Понци и поч_kak-rabotayut-moshenniki-chto-takoe-skhema-ponci-i-pochemu-lyudi-nesut-tuda-dengi.html
Чем отличаются фондовый и срочный рынок на Московской бирже,"Торги на Московской бирже ведутся на нескольких рынках, но наибольшим вниманием частных инвесторов пользуются фондовый и срочный рынки.",14.04.2023,https://school.moex.com/articles/chem-otlichayutsya-fondovyj-i-srochnyj-rynok-na-moskovskoj-birzhe,Чем отличаются фондовый и срочный рынок на Московс_chem-otlichayutsya-fondovyj-i-srochnyj-rynok-na-moskovskoj-birzhe.html
Как получать ежемесячный доход на бирже,Чтобы сохранить и приумножить накопленное — деньги должны работать. Для этого можно инвестировать их в фондовый рынок и сформировать пассивный доход. Подробнее — в статье.,20.01.2023,https://school.moex.com/articles/kak-poluchat-ezhemesyachnyj-dohod-na-birzhe,Как получать ежемесячный доход на бирже_kak-poluchat-ezhemesyachnyj-dohod-na-birzhe.html
Что такое денежный поток,"Разбираемся, что такое денежный поток и почему он важен при оценке компании.",09.01.2023,https://school.moex.com/articles/chto-takoe-denezhnyj-potok,Что такое денежный поток_chto-takoe-denezhnyj-potok.html
Какие акции называют голубыми фишками и как в них инвестировать,"Голубыми фишками называют самые ликвидные и наиболее популярные акции у российских и зарубежных инвесторов, торгующих на Московской бирже.",16.12.2022,https://school.moex.com/articles/golubye-fishki-na-moskovskoj-birzhe,Какие акции называют голубыми фишками и как в них _golubye-fishki-na-moskovskoj-birzhe.html
Как выбрать брокера для торговли на бирже,"Чтобы купить ценные бумаги, нужно открыть счет у брокера. Без него у инвестора не будет доступа к фондовому рынку. Кто такой брокер и чем он занимается — разбираемся в статье.",07.12.2022,https://school.moex.com/articles/kak-vybrat-brokera-dlya-torgovli-na-birzhe,Как выбрать брокера для торговли на бирже_kak-vybrat-brokera-dlya-torgovli-na-birzhe.html
Куда вложить 10 000 рублей,"Чтобы стать инвестором, необязательно иметь большой капитал. Например, за 10 тысяч рублей можно купить около 70 акций Сбера или 550 тысяч акций ВТБ. Но заработать ощутимый доход с такой суммы сложно: компании должны подорожать в 2-5 раз, чтобы принести ощутимую прибыль инвестору.",30.11.2022,https://school.moex.com/articles/kuda-vlozhit-10-000-rublej,Куда вложить 10 000 рублей_kuda-vlozhit-10-000-rublej.html
Как новичкам торговать на фондовой бирже,Торговля на бирже – один из способов приумножить личный капитал.,23.11.2022,https://school.moex.com/articles/kak-novichkam-torgovat-na-fondovoj-birzhe,Как новичкам торговать на фондовой бирже_kak-novichkam-torgovat-na-fondovoj-birzhe.html
Как зарабатывать на дивидендах по акциям?,"Дивиденды — часть чистой прибыли компании, которая направляется на выплаты владельцами акций компании. Не все компании выплачивают дивиденды. Некоторые направляют всю прибыль на развитие бизнеса.",15.11.2022,https://school.moex.com/articles/kak-zarabatyvat-na-dividendah-po-akciyam,Как зарабатывать на дивидендах по акциям_kak-zarabatyvat-na-dividendah-po-akciyam.html
Как стать квалифицированным инвестором,"При инвестировании всегда есть риски. Чтобы ограничить риски начинающих инвесторов, ЦБ РФ разделил участников рынка на квалифицированных и неквалифицированных инвесторов.",22.07.2022,https://school.moex.com/articles/kak-stat-kvalificirovannym-investorom,Как стать квалифицированным инвестором_kak-stat-kvalificirovannym-investorom.html
Основные фигуры в техническом анализе фондового рынка,"Чтобы открыть выгодную сделку на бирже — нужно прогнозировать движение цен. Наобум это сделать нельзя — интуиция на рынке не всегда помогает. Поэтому трейдеры и инвесторы используют фигуры технического анализа, чтобы искать моменты для входа.",09.06.2022,https://school.moex.com/articles/osnovnye-figury-v-tekhnicheskom-analize-fondovogo-rynka,Основные фигуры в техническом анализе фондового ры_osnovnye-figury-v-tekhnicheskom-analize-fondovogo-rynka.html
Что такое коэффициент рентабельности собственного капитала ROE,Чтобы отобрать ценные бумаги в портфель — нужно их проанализировать. В этом помогает мультипликатор ROE — Return on Equity или коэффициент рентабельности собственного показателя.,02.06.2022,https://school.moex.com/articles/chto-takoe-koefficient-rentabelnosti-sobstvennogo-kapitala-roe,Что такое коэффициент рентабельности собственного _chto-takoe-koefficient-rentabelnosti-sobstvennogo-kapitala-roe.html
Что такое обратный выкуп акций на фондовом рынке,Иногда компании приходят на фондовый рынок и выкупают собственные акции. Зачем это делается и как это влияет на рост компаний — рассказываем в статье.,26.05.2022,https://school.moex.com/articles/chto-takoe-obratnyj-vykup-akcij-na-fondovom-rynke,
Инвестиционный портфель своими руками,"На фондовом рынке есть десятки инструментов, которые используют для создания инвестиционного портфеля. Одни помогают зарабатывать долго и по чуть-чуть, другие — много и быстро.",19.05.2022,https://school.moex.com/articles/investicionnyj-portfel-svoimi-rukami,Инвестиционный портфель своими руками_investicionnyj-portfel-svoimi-rukami.html
Что значит прибыль на одну акцию в инвестировании,"Когда человек покупает акции — становится владельцем доли компании. Чтобы понять, сколько денег ему принесли инвестиции, он рассчитывает прибыль на одну акцию. По-другому это называется показатель EPS.",12.05.2022,https://school.moex.com/articles/chto-znachit-pribyl-na-odnu-akciyu-v-investirovanii,Что значит прибыль на одну акцию в инвестировании_chto-znachit-pribyl-na-odnu-akciyu-v-investirovanii.html
Кто такой квалифицированный инвестор,"Квалифицированный инвестор - это человек или компания, которые подтвердили свое знание рынка ценных бумаг и получили доступ к рискованным операциям.",26.04.2022,https://school.moex.com/articles/kto-takoj-kvalificirovannyj-investor,Кто такой квалифицированный инвестор_kto-takoj-kvalificirovannyj-investor.html
Что такое риск,"Торговля на бирже связана с риском. В один день портфель может вырасти на 10%, а в другой — упасть на 30%.",21.04.2022,https://school.moex.com/articles/chto-takoe-risk,Что такое риск_chto-takoe-risk.html
Зачем регистрировать индивидуальный инвестиционный счет (ИИС),"Чтобы простимулировать приток инвесторов на биржу, государство стимулирует граждан введением налоговых льгот. Наиболее выгодные льготы получают владельцы индивидуальных инвестиционных счетов.",14.04.2022,https://school.moex.com/articles/zachem-registrirovat-individualnyj-investicionnyj-schet-iis,Зачем регистрировать индивидуальный инвестиционный_zachem-registrirovat-individualnyj-investicionnyj-schet-iis.html
Что такое шорт и лонг на фондовом рынке,"На акциях зарабатывают двумя способами. Первый — покупают дешевле, а через время продают дороже. Такие сделки называются лонгом. Второй — продают акции, которые не покупали. Эти операции называются короткой продажей или шортом. Разберемся подробнее.",07.04.2022,https://school.moex.com/articles/chto-takoe-short-i-long-na-fondovom-rynke,Что такое шорт и лонг на фондовом рынке_chto-takoe-short-i-long-na-fondovom-rynke.html
Фонды и их роль в диверсификации портфеля,"Фонд - это портфель из разных ценных бумаг, который может купить инвестор на бирже, у управляющей компании или в банке.",14.03.2022,https://school.moex.com/articles/fondy-i-ih-rol-v-diversifikacii-portfelya,Фонды и их роль в диверсификации портфеля_fondy-i-ih-rol-v-diversifikacii-portfelya.html
Что почитать по инвестированию и трейдингу,"Пока ""стаканы пусты"" - время можно потратить на изучение теоретического материала.",14.03.2022,https://school.moex.com/articles/chto-pochitat-po-investirovaniyu-i-trejdingu,Что почитать по инвестированию и трейдингу_chto-pochitat-po-investirovaniyu-i-trejdingu.html
«Подводные камни» субординированных облигаций,"Новички на рынке часто начинают с облигаций, они очень похожи на банковские депозиты. У облигации есть эмитент, срок погашения и доходность.",16.02.2022,https://school.moex.com/articles/podvodnye-kamni-subordinirovannyh-obligacij,Подводные камни субординированных облигаций_podvodnye-kamni-subordinirovannyh-obligacij.html
Недорогой способ поучаствовать в отскоке или снижении рынка,"Последние недели после чтения новостей или изучения графиков индексов, рубля или российских акций многим из нас приходят в голову мысли о тех или иных сделках",15.02.2022,https://school.moex.com/articles/nedorogoj-sposob-pouchastvovat-v-otskoke-ili-snizhenii-rynka,Недорогой способ поучаствовать в отскоке или сниже_nedorogoj-sposob-pouchastvovat-v-otskoke-ili-snizhenii-rynka.html
Почему деривативами торгуют на триллионы,"Фьючерсы стоят особняком от других биржевых инструментов, а тем более опционы - все они несут в себе высокие риски.",09.02.2022,https://school.moex.com/articles/pochemu-derivativami-torguyut-na-trilliony,Почему деривативами торгуют на триллионы_pochemu-derivativami-torguyut-na-trilliony.html
Народные облигации со ставкой 9%,Недавно на Финуслугах появился инвестиционный инструмент для инвестиций – облигации Калининградской области,08.02.2022,https://school.moex.com/articles/narodnye-obligacii-so-stavkoj-9,Народные облигации со ставкой 9_narodnye-obligacii-so-stavkoj-9.html
Фондовые индексы - эталон для терпеливого инвестора,"Все инвестиционные инструменты имеют как сильные, так и слабые стороны. ОФЗ - не исключение: будучи одновременно простым, прозрачным и надёжным активом, они имеют невысокую доходность. Заработать больше можно, например, на акциях публичных компаний.",13.01.2022,https://school.moex.com/articles/fondovye-indeksy-etalon-dlya-terpelivogo-investora,Фондовые индексы - эталон для терпеливого инвестор_fondovye-indeksy-etalon-dlya-terpelivogo-investora.html
Что такое IPO — простыми словами,"IPO — первичное размещение акций на бирже. Как только бумаги начинают торговаться на бирже, компания получает статус публичной.",16.12.2021,https://school.moex.com/articles/chto-takoye-ipo,Что такое IPO  простыми словами_chto-takoye-ipo.html
Японские свечи для начинающих,"Японские свечи — полезный технический индикатор, который помогает интерпретировать движение цены на графике.",16.12.2021,https://school.moex.com/articles/yaponskiye-svechi-dlya-nachinayushchikh,Японские свечи для начинающих_yaponskiye-svechi-dlya-nachinayushchikh.html
Фьючерсы – масса преимуществ для опытных трейдеров,"Фьючерсы – это уникальный инструмент, дающий широкие возможности инвестору и трейдеру.",03.11.2021,https://school.moex.com/articles/fyuchersy-massa-preimushchestv-dlya-opytnyh-trejdero,Фьючерсы  масса преимуществ для опытных трейдеров_fyuchersy-massa-preimushchestv-dlya-opytnyh-trejdero.html
"Индексы РТС и МосБиржи — зачем нужны, чем отличаются","Биржевой индекс – это число, динамика которого показывает, как поменялись цены в определённом сегменте финансового рынка.",20.10.2021,https://school.moex.com/articles/indeksy-rts-i-mosbirzhi-zachem-nuzhny-chem-otlichayutsya,Индексы РТС и МосБиржи  зачем нужны чем отличаются_indeksy-rts-i-mosbirzhi-zachem-nuzhny-chem-otlichayutsya.html
Ответственные инвестиции изменят мир?,"В последнее десятилетие общество уделяет всё больше внимания проблемам экологии, инклюзивности и правам человека.",15.10.2021,https://school.moex.com/articles/otvetstvennye-investicii-izmenyat-mir,Ответственные инвестиции изменят мир_otvetstvennye-investicii-izmenyat-mir.html
Сколько можно заработать на облигациях,"Новички на рынке часто начинают с облигаций, они очень похожи на банковские депозиты. У облигации есть эмитент, срок погашения и доходность.",13.10.2021,https://school.moex.com/articles/skolko-mozhno-zarabotat-na-obligaciyah,Сколько можно заработать на облигациях_skolko-mozhno-zarabotat-na-obligaciyah.html
10 заповедей инвестора,"Первая заповедь: Инвестиции — процесс, требующий системного и регулярного подхода. Чем регулярнее будут инвестиции, тем внушительнее будет их результат. Качество инвестиций прямо пропорционально их эффективности.",07.10.2021,https://school.moex.com/articles/10-zapovedej-investora,10 заповедей инвестора_10-zapovedej-investora.html
С чего начать инвестиции – пошаговая инструкция,"Самый частый вопрос, который нам задают – какие инвестиции для начинающих вы можете посоветовать? Естественно, ведь начать свою инвестиционную деятельность может быть не так просто. Эта статья призвана упорядочить знания для начинающих и поможет вам сделать первые шаги в инвестициях!",30.09.2021,https://school.moex.com/articles/s-chego-nachat-investicii-poshagovaya-instrukciya,С чего начать инвестиции  пошаговая инструкция_s-chego-nachat-investicii-poshagovaya-instrukciya.html
Онлайн-курс «Путь инвестора»: как научить инвестициям с нуля?,"Сегодня у каждого 10-го россиянина есть брокерский счет на Московской бирже. Всего за три с половиной года число розничных инвесторов увеличилось более чем в 10 раз, достигнув 14 млн., и люди продолжают приходить на биржу.",27.09.2021,https://school.moex.com/articles/onlajn-kurs-put-investora-kak-nauchit-investiciyam-s-nulya,Онлайн-курс Путь инвестора как научить инвестициям_onlajn-kurs-put-investora-kak-nauchit-investiciyam-s-nulya.html
"Ошибка выжившего» или почему ошибается аналитик, который предсказал мировой кризис?","«Ошибкой выжившего» принято называть ситуацию, когда по одной группе объектов или явлений наблюдателю доступно множество данных, а по другой данных практически нет. Наблюдатель не видит всей картины происходящего, он начинает анализировать ситуацию и делает ошибочные выводы.",23.09.2021,https://school.moex.com/articles/oshibka-vyzhivshego-ili-pochemu-oshibaetsya-analitik-kotoryj-predskazal-mirovoj-krizis,Ошибка выжившего или почему ошибается аналитик кот_oshibka-vyzhivshego-ili-pochemu-oshibaetsya-analitik-kotoryj-predskazal-mirovoj-krizis.html
"Фьючерсы, зачем они мне?",Большинство начинающих инвесторов начинают знакомство с биржевыми рынками с предсказуемых и безопасных инструментов.,08.09.2021,https://school.moex.com/articles/fyuchersy-zachem-oni-mne,Фьючерсы зачем они мне_fyuchersy-zachem-oni-mne.html
"Рейтинговые агентства: что делают, чем полезны","В новостях о финансах часто говорят о понижении или повышении кредитного рейтинга компании, региона или даже государства. В отдельных случаях такие новости могут сопровождаться серьёзными колебаниями цен долговых бумаг эмитента, рейтинг которого поменялся.",26.08.2021,https://school.moex.com/articles/rejtingovye-agentstva-chto-delayut-chem-polezny,Рейтинговые агентства что делают чем полезны_rejtingovye-agentstva-chto-delayut-chem-polezny.html
"Вершина рынка. Продавать нельзя, ждать?","Любой инвестор в акции волнуется, когда рынки обновляют исторические максимумы. Приятно наблюдать за ростом портфеля, но может возникать страх грядущей коррекции и желание «скинуть» подорожавшие бумаги на пике.",11.08.2021,https://school.moex.com/articles/vershina-rynka-prodavat-nelzya-zhdat,Вершина рынка Продавать нельзя ждать_vershina-rynka-prodavat-nelzya-zhdat.html
Что такое ключевая ставка и как она влияет на рынки и экономику,"В финансовой прессе и на тематических форумах часто упоминается ключевая ставка, которую меняет(или же оставляет неизменной) Банк России.",05.08.2021,https://school.moex.com/articles/chto-takoe-klyuchevaya-stavka-i-kak-ona-vliyaet-na-rynki-i-ekonomiku,Что такое ключевая ставка и как она влияет на рынк_chto-takoe-klyuchevaya-stavka-i-kak-ona-vliyaet-na-rynki-i-ekonomiku.html
«Путь инвестора» получил аккредитацию АРФГ,Курс по финансовой грамотности «Путь инвестора» удостоился самой высокой похвалы — первым получил аккредитацию среди образовательных программ от Ассоциации по развитию финансовой грамотности.,28.07.2021,https://school.moex.com/articles/put-investora-poluchil-akkreditaciyu-arfg,Путь инвестора получил аккредитацию АРФГ_put-investora-poluchil-akkreditaciyu-arfg.html
Новый инструмент – ETF на акции компаний киберспорта,Недавно на Московской бирже появился новый инструмент – ETF на акции компаний киберспорта.,21.07.2021,https://school.moex.com/articles/novyj-instrument-etf-na-akcii-kompanij-kibersporta,Новый инструмент  ETF на акции компаний киберспорт_novyj-instrument-etf-na-akcii-kompanij-kibersporta.html
Что такое Кодекс добросовестного поведения и чем он полезен частному инвестору?,"Последние несколько лет наблюдается бурное развитие финансового рынка, на который приходят миллионы новых инвесторов. Вместе с тем возникают и новые угрозы, которые могут замедлить этот процесс.",20.07.2021,https://school.moex.com/articles/chto-takoe-kodeks-dobrosovestnogo-povedeniya-i-chem-on-polezen-chastnomu-investoru,Что такое Кодекс добросовестного поведения и чем о_chto-takoe-kodeks-dobrosovestnogo-povedeniya-i-chem-on-polezen-chastnomu-investoru.html
Лучшие ESG-акции российского рынка,"Ранее мы писали о принципах ESG-инвестирования, и почему оно набирает популярность во всем мире. В частности, приводили данные The Guardian, согласно которым акции более «сознательных» эмитентов в среднем росли в цене на 4,8% быстрее остального рынка.",14.07.2021,https://school.moex.com/articles/luchshie-esg-akcii-rossijskogo-rynka,Лучшие ESG-акции российского рынка_luchshie-esg-akcii-rossijskogo-rynka.html
Может ли денег быть слишком много,"Деньги для компании — важнейший ресурс. Они нужны, чтобы оплачивать ежедневные расходы (оплата счетов, зарплат и т.д.), расплачиваться с поставщиками, поглощать другие компании и выплачивать дивиденды. В конечном счете, главная цель существования коммерческой компании — зарабатывание денег на благо акционеров.",30.06.2021,https://school.moex.com/articles/Mozhet-li-deneg-byt-slishkom-mnogo,Может ли денег быть слишком много_Mozhet-li-deneg-byt-slishkom-mnogo.html
Отличия между ИИС и брокерским счетом,"Во-первых, стоит отметить, что брокерский счет — это счет, который физическое лицо открывает в брокерской компании или банке для получения возможности торговать на бирже. ИИС — частный случай брокерского счета. И они между собой отличаются по нескольким параметрам.",28.06.2021,https://school.moex.com/articles/Otlichiya-mezhdu-IIS-i-brokerskim-schetom,Отличия между ИИС и брокерским счетом_Otlichiya-mezhdu-IIS-i-brokerskim-schetom.html
Правильно выбранный брокер — это гарантия высоких стабильных заработков?,Один из самых популярных вопросов среди начинающих инвесторов: как выбрать брокера для открытия счета?,23.06.2021,https://school.moex.com/articles/Kak-vybrat-brokera,Правильно выбранный брокер  это гарантия высоких с_Kak-vybrat-brokera.html
На Московской бирже начал торговаться фьючерс на индекс американских акций SPYF,"25 мая на Московской бирже начал торговаться новый инструмент, а именно фьючерс на индекс американских акций SPYF.",18.06.2021,https://school.moex.com/articles/na-moskovskoj-birzhe-nachal-torgovatsya-fyuchers-na-indeks-amerikanskih-akcij-spyf,На Московской бирже начал торговаться фьючерс на и_na-moskovskoj-birzhe-nachal-torgovatsya-fyuchers-na-indeks-amerikanskih-akcij-spyf.html
Брокерский договор или первое правило юридической грамотности,"Первый шаг к инвестициям — выбор брокера и подписание договора с ним. Главное правило юридической грамотности гласит: всегда читайте документы, которые подписываете.",09.06.2021,https://school.moex.com/articles/brokerskij-dogovor-ili-pervoe-pravilo-yuridicheskoj-gramotnosti,Брокерский договор или первое правило юридической _brokerskij-dogovor-ili-pervoe-pravilo-yuridicheskoj-gramotnosti.html
Как выбрать финансового советника,"У многих инвесторов есть проблема, которая не позволяет им достигать поставленных финансовых целей — у них нет структуры, нет четкого плана по сбережению своих средств.",03.06.2021,https://school.moex.com/articles/kak-vybrat-finansovogo-sovetnika,Как выбрать финансового советника_kak-vybrat-finansovogo-sovetnika.html
Купить 100 компаний за 100 рублей: миф или реальность,"Многие из Вас могут подумать, что эта история о каком-то фантастическом мире, далёком от нашей реальности. Но к нашему общему счастью – это не так.",28.05.2021,https://school.moex.com/articles/kupit-100-kompanij-za-100-rublej-mif-ili-realnost,Купить 100 компаний за 100 рублей миф или реальнос_kupit-100-kompanij-za-100-rublej-mif-ili-realnost.html
Источники информации для фундаментального анализа компании,"Криптовалюта — один из видов цифровой, виртуальной валюты. Ее эмиссия основана на различных криптографических методах, а ее функционирование основано на технологии «блокчейн».",19.05.2021,https://school.moex.com/articles/istochniki-informacii-dlya-fundamentalnogo-analiza-kompanii,Источники информации для фундаментального анализа _istochniki-informacii-dlya-fundamentalnogo-analiza-kompanii.html
Для чего нужен алготрейдинг,"Слово дня - еженедельная рубрика, в которой мы подробно разбираем понятия и терминологию биржевого рынка",13.05.2021,https://school.moex.com/articles/dlya-chego-nuzhen-algotrejding,Для чего нужен алготрейдинг_dlya-chego-nuzhen-algotrejding.html
Как рассчитать НКД,"Слово дня - еженедельная рубрика, в которой мы подробно разбираем понятия и терминологию биржевого рынка",27.04.2021,https://school.moex.com/articles/kak-rasschitat-nkd,Как рассчитать НКД_kak-rasschitat-nkd.html
Как применять дюрацию на практике,"Слово дня - еженедельная рубрика, в которой мы подробно разбираем понятия и терминологию биржевого рынка",21.04.2021,https://school.moex.com/articles/kak-primenyat-dyuraciyu-na-praktike,Как применять дюрацию на практике_kak-primenyat-dyuraciyu-na-praktike.html
E-voting – простой и удобный сервис онлайн-голосования для каждого,Сервис электронного голосования E-voting от НРД – это универсальный онлайн- инструмент для дистанционного участия в годовых и внеочередных общих собраниях акционеров.,19.04.2021,https://school.moex.com/articles/e-voting-prostoj-i-udobnyj-servis-onlajn-golosovaniya-dlya-kazhdogo,E-voting  простой и удобный сервис онлайн-голосова_e-voting-prostoj-i-udobnyj-servis-onlajn-golosovaniya-dlya-kazhdogo.html
Дивидендный сезон 2021,Покупатели российского госдолга могут рассчитывать на бОльшую доходность,14.04.2021,https://school.moex.com/articles/dividendnyj-sezon-2021,Дивидендный сезон 2021_dividendnyj-sezon-2021.html
Слово дня — EBITDA,"Слово дня - еженедельная рубрика, в которой мы подробно разбираем понятия и терминологию биржевого рынка",06.04.2021,https://school.moex.com/articles/slovo-dnya-ebitda,Слово дня  EBITDA_slovo-dnya-ebitda.html
NFT-токены или пара слов об альтернативных инвестициях,В последнее время в новостях из мира искусства все чаще можно увидеть загадочную аббревиатуру NFT,31.03.2021,https://school.moex.com/articles/nft-tokeny-ili-para-slov-ob-alternativnyh-investiciyah,NFT-токены или пара слов об альтернативных инвести_nft-tokeny-ili-para-slov-ob-alternativnyh-investiciyah.html
Слово дня — P/E,"Слово дня - еженедельная рубрика, в которой мы подробно разбираем понятия и терминологию биржевого рынка",30.03.2021,https://school.moex.com/articles/slovo-dnya-p-e,Слово дня  PE_slovo-dnya-p-e.html
Доходности ОФЗ ставят рекорды,Покупатели российского госдолга могут рассчитывать на бОльшую доходность,24.03.2021,https://school.moex.com/articles/dohodnosti-ofz-stavyat-rekordy,Доходности ОФЗ ставят рекорды_dohodnosti-ofz-stavyat-rekordy.html
Слово дня — EPS,"Слово дня - еженедельная рубрика, в которой мы подробно разбираем понятия и терминологию биржевого рынка",23.03.2021,https://school.moex.com/articles/slovo-dnya-eps,Слово дня  EPS_slovo-dnya-eps.html
Ответы на ваши вопросы по теме: «Акции иностранных эмитентов на Московской бирже»,Отвечаем на все на самые интересные вопросы по акциям иностранных эмитентов на Московской бирже,17.03.2021,https://school.moex.com/articles/otvety-na-vashi-voprosy-po-teme-akcii-inostrannyh-emitentov-na-moskovskoj-birzhe,Ответы на ваши вопросы по теме Акции иностранных э_otvety-na-vashi-voprosy-po-teme-akcii-inostrannyh-emitentov-na-moskovskoj-birzhe.html
Слово дня — Словарь биржевого сленга. Часть 2,"Слово дня - еженедельная рубрика, в которой мы подробно разбираем понятия и терминологию биржевого рынка",16.03.2021,https://school.moex.com/articles/Slovo_dnya_Slovar_birzhevogo_slenga_chast_2,Слово дня  Словарь биржевого сленга Часть 2_Slovo_dnya_Slovar_birzhevogo_slenga_chast_2.html
Что такое диверсификация и чем она полезна для инвестора,"Диверсификация портфеля – что это такое простыми словами, методы диверсификации и снижения рисков.",12.03.2021,https://school.moex.com/articles/chto-takoe-diversifikaciya-i-chem-ona-polezna-dlya-investora,Что такое диверсификация и чем она полезна для инв_chto-takoe-diversifikaciya-i-chem-ona-polezna-dlya-investora.html
Как выбрать брокера – начало,"Для торговли российскими или зарубежными бумагами на МосБирже, нужно открыть счёт в брокерской компании. Это мировая практика — на биржах напрямую друг с другом могут торговать только специальные компании, имеющие необходимые лицензии.",11.03.2021,https://school.moex.com/articles/kak-vybrat-brokera-nachalo,Как выбрать брокера  начало_kak-vybrat-brokera-nachalo.html
Слово дня — Словарь биржевого сленга,"Слово дня - еженедельная рубрика, в которой мы подробно разбираем понятия и терминологию биржевого рынка",09.03.2021,https://school.moex.com/articles/slovo-dnya-slovar-birzhevogo-slenga,Слово дня  Словарь биржевого сленга_slovo-dnya-slovar-birzhevogo-slenga.html
"Думать, как аналитик","Инвестиционные аналитики решают множество задач. Кредитные аналитики оценивают финансовую устойчивость той или иной компании, взвешивают риски неплатежей таких компаний (по кредитам или облигациям). Специалисты по акциям ищут недооценённые бумаги для добавления в портфель и т.д.",04.03.2021,https://school.moex.com/articles/dumat-kak-analitik,Думать как аналитик_dumat-kak-analitik.html
Слово дня — Денежный рынок,"Слово дня - еженедельная рубрика, в которой мы подробно разбираем понятия и терминологию биржевого рынка",02.03.2021,https://school.moex.com/articles/slovo-dnya-denezhnyj-rynok,Слово дня  Денежный рынок_slovo-dnya-denezhnyj-rynok.html
Как читать коды инструментов на срочном рынке,"«Ришка падает», – такую фразу можно услышать от трейдеров. У большинства инвесторов, которые работают на фондовом рынке, подобное высказывание может вызвать по меньшей мере недоумение. На самом деле всё не так сложно.",25.02.2021,https://school.moex.com/articles/kak-chitat-kody-instrumentov-na-srochnom-rynke,Как читать коды инструментов на срочном рынке_kak-chitat-kody-instrumentov-na-srochnom-rynke.html
Слово дня — Введение в NPV,"Слово дня - еженедельная рубрика, в которой мы подробно разбираем понятия и терминологию биржевого рынка",18.02.2021,https://school.moex.com/articles/slovo-dnya-vvedenie-v-npv,Слово дня  Введение в NPV_slovo-dnya-vvedenie-v-npv.html
Стоимость денег во времени: дисконтирование,"Мы продолжаем серию статей об основах корпоративных финансов. Один из базовых законов финансов - рубль сегодня инвестор ценит выше, чем тот же рубль, полученный через год.",03.02.2021,https://school.moex.com/articles/stoimost-deneg-vo-vremeni-diskontirovanie,Стоимость денег во времени дисконтирование_stoimost-deneg-vo-vremeni-diskontirovanie.html
Слово дня - Срочный рынок,"Слово дня - еженедельная рубрика, в которой мы подробно разбираем понятия и терминологию биржевого рынка",03.02.2021,https://school.moex.com/articles/slovo-dnya-srochnyj-rynok,Слово дня - Срочный рынок_slovo-dnya-srochnyj-rynok.html
Слово дня — Московская Биржа,"Слово дня - еженедельная рубрика, в которой мы подробно разбираем понятия и терминологию биржевого рынка",26.01.2021,https://school.moex.com/articles/slovo-dnya-moskovskaya-birzha,Слово дня  Московская Биржа_slovo-dnya-moskovskaya-birzha.html
Тренажёр трейдера,"Хотим рассказать вам о сервисе, который будет полезен активным трейдерам и сторонникам технического анализа. 
ChartGame.com - симулятор трейдера, позволяющий оттачивать навыки анализа графиков и принятия торговых решений в условиях неопределенности.",19.01.2021,https://school.moex.com/articles/trenazhyor-trejdera,Тренажёр трейдера_trenazhyor-trejdera.html
ИИС типа «А»,"Недавно мы публиковали статью об изменениях в налоговом законодательстве.
Хотим рассказать о еще одном изменении, он касается ИИС типа «А».",15.01.2021,https://school.moex.com/articles/iis-tipa-a,ИИС типа А_iis-tipa-a.html
Важные изменения в расчёте НДФЛ в 2021 году,С 1 января 2021 года вступили в силу изменения в Налоговый кодекс,13.01.2021,https://school.moex.com/articles/vazhnye-izmeneniya-v-raschyote-ndfl-v-2021-godu,Важные изменения в расчёте НДФЛ в 2021 году_vazhnye-izmeneniya-v-raschyote-ndfl-v-2021-godu.html
Слово дня — IPO,"Слово дня - еженедельная рубрика, в которой мы подробно разбираем понятия и терминологию биржевого рынка",23.12.2020,https://school.moex.com/articles/slovo-dnya-ipo,Слово дня  IPO_slovo-dnya-ipo.html
